recall@10,ndcg@10
1,0.31546487678572877
0,0.0
1,0.6309297535714575
1,0.3010299956639812
0,0.0
1,0.6309297535714575
1,0.31546487678572877
1,0.3333333333333333
1,0.3333333333333333
1,0.3010299956639812
0,0.0
1,0.31546487678572877
1,0.3562071871080222
1,0.3010299956639812
0,0.0
1,0.3010299956639812
1,0.31546487678572877
1,0.2890648263178879
1,0.3562071871080222
