recall@10,ndcg@10
1,0.3010299956639812
0,0.0
1,0.43067655807339306
1,1.0
1,0.5
0,0.0
1,0.38685280723454163
1,0.5
1,1.0
1,1.0
0,0.0
1,1.0
1,1.0
0,0.0
1,0.38685280723454163
0,0.0
1,0.5
1,0.31546487678572877
1,1.0
