recall@10,ndcg@10
0,0.0
1,1.0
1,0.6309297535714575
1,1.0
0,0.0
1,0.6309297535714575
0,0.0
0,0.0
1,0.43067655807339306
0,0.0
1,0.43067655807339306
0,0.0
1,0.38685280723454163
1,0.6309297535714575
0,0.0
1,1.0
0,0.0
1,0.2890648263178879
1,1.0
