recall@10,ndcg@10
0,0.0
1,0.43067655807339306
1,0.43067655807339306
1,1.0
1,0.31546487678572877
1,0.31546487678572877
0,0.0
1,0.6309297535714575
1,0.3333333333333333
1,0.5
1,0.38685280723454163
1,0.43067655807339306
1,0.5
1,0.43067655807339306
1,0.3333333333333333
1,0.38685280723454163
0,0.0
1,0.3562071871080222
1,0.6309297535714575
